datetime,user_name,message_text,thread_id,message_url
2026-02-21 09:32:40.148,野滿匠,<@U089YEDRZJN>さんがチャンネルに参加しました,,https://app.slack.com/archives/C0AGQAFJ3B3/p1771666360148089
2026-02-21 09:32:52.608,chat-summary,<@U0AGF0SN2H2>さんがチャンネルに参加しました,,https://app.slack.com/archives/C0AGQAFJ3B3/p1771666372608619
2026-02-21 10:43:57.462,野滿匠,"うお～～～ん
にゃんにゃんにゃんふんふｎ",,https://app.slack.com/archives/C0AGQAFJ3B3/p1771670637462809
2026-02-21 10:44:02.874,野滿匠,"んがお
なんですかこれ",,https://app.slack.com/archives/C0AGQAFJ3B3/p1771670642874009
2026-02-21 10:44:56.252,野滿匠,てｓｔ,,https://app.slack.com/archives/C0AGQAFJ3B3/p1771670696252009
2026-02-21 10:47:50.213,野滿匠,おうｎ,,https://app.slack.com/archives/C0AGQAFJ3B3/p1771670870213909
2026-02-21 10:54:15.484,野滿匠,ああああ,,https://app.slack.com/archives/C0AGQAFJ3B3/p1771671255484099
2026-02-21 10:54:24.410,chat-summary,"まとめをNotionに保存しました :white_check_mark:
<https://www.notion.so/Slack-2026-02-21-30e7d19f477b810ea7facbf67589645c>",,https://app.slack.com/archives/C0AGQAFJ3B3/p1771671264410679
2026-02-21 10:54:25.622,chat-summary,"まとめをNotionに保存しました :white_check_mark:
<https://www.notion.so/Slack-2026-02-21-30e7d19f477b81c18eeeea6df6b004be>",,https://app.slack.com/archives/C0AGQAFJ3B3/p1771671265622159
2026-02-21 11:15:24.292,chat-summary,"まとめをNotionに保存しました :white_check_mark:
<https://www.notion.so/Slack-2026-02-21-30e7d19f477b81dd9131e9f5829b7dfa>",,https://app.slack.com/archives/C0AGQAFJ3B3/p1771672524292709
2026-02-21 11:28:44.601,chat-summary,"まとめをNotionに保存しました :white_check_mark:
<https://www.notion.so/Slack-2026-02-21-30e7d19f477b81d297d9dd8958ff4b36>",,https://app.slack.com/archives/C0AGQAFJ3B3/p1771673324601169
2026-02-21 11:47:36.163,野滿匠,"「きのこの山」と「たけのこの里」、どちらが優れているかという永遠の議題について。
結論から言うと
*たけのこの里*が、クッキーの食感とチョコのバランスにおいて一歩リードしていると考えられます。",,https://app.slack.com/archives/C0AGQAFJ3B3/p1771674456163679
2026-02-21 11:47:39.354,野滿匠,"主な議論のポイント
• *チョコとスナックの比率* たけのこは、チョコがクッキー生地に密着しており、口の中で一体となって溶ける「完成された一粒」感があります。
",,https://app.slack.com/archives/C0AGQAFJ3B3/p1771674459354189
2026-02-21 11:47:44.195,野滿匠,"• *食感のコントラスト* きのこの山は、クラッカーのカリッとした軽快さが特徴。チョコを独立して味わいたい層には根強い支持があります。
• *利便性と実用性* きのこの山は「持ち手」があるため、夏場でも指が汚れにくいという、機能美における圧倒的な優位性を持っています。
",,https://app.slack.com/archives/C0AGQAFJ3B3/p1771674464195999
2026-02-21 11:47:48.705,野滿匠,"反論の余地
しかし、きのこの山派は「チョコ自体の味を純粋に楽しめるのはこちらだ」と主張します。たけのこはクッキーの甘みが強すぎるという意見も無視できません。

この議論をさらに深めるために、**「内容量の差（グラム数）」*や*「派生フレーバーの成功率」**についても分析しましょうか？",,https://app.slack.com/archives/C0AGQAFJ3B3/p1771674468705109
2026-02-21 12:03:54.648,chat-summary,"チャンネル全体のまとめをNotionに保存しました :white_check_mark:
<https://www.notion.so/Slack-2026-02-21-30e7d19f477b8181b398e4629bd39727>",,https://app.slack.com/archives/C0AGQAFJ3B3/p1771675434648269
